<?xml version="1.0" encoding="UTF-8"?>
<DocSetNodes version="1.0">
    <TOC>
        <Node type="folder">
            <Name>HockeySDK-Mac 2.0</Name>
            <Path>index.html</Path>
			<Subnodes>
                
				<Node type="folder">
					<Name>Programming Guides</Name>
					<Path>index.html</Path>
					<Subnodes>
						<NodeRef refid="1"/>
						<NodeRef refid="2"/>
						<NodeRef refid="3"/>
						<NodeRef refid="4"/>
						<NodeRef refid="5"/>
						<NodeRef refid="6"/>
						<NodeRef refid="7"/>
						<NodeRef refid="8"/>
						<NodeRef refid="9"/>
						
					</Subnodes>
				</Node>
				
				
				<Node type="folder">
					<Name>Classes</Name>
					<Path>index.html</Path>
					<Subnodes>
						<NodeRef refid="10"/>
						<NodeRef refid="11"/>
						<NodeRef refid="12"/>
						<NodeRef refid="13"/>
						
					</Subnodes>
				</Node>
				
				
                
				<Node>
					<Name>Protocols</Name>
					<Path>index.html</Path>
					<Subnodes>
						<NodeRef refid="14"/>
						<NodeRef refid="15"/>
						
					</Subnodes>
				</Node>
				
                
			</Subnodes>
        </Node>
    </TOC>
	<Library>
		<Node id="1" type="section">
            <Name>Changelog</Name>
            <Path>docs/docs/Changelog.html</Path>
            
        </Node>
		<Node id="2" type="section">
            <Name>Guide-Installation-Mac-App</Name>
            <Path>docs/docs/Guide-Installation-Mac-App.html</Path>
            
        </Node>
		<Node id="3" type="section">
            <Name>Guide-Installation-Setup</Name>
            <Path>docs/docs/Guide-Installation-Setup.html</Path>
            
        </Node>
		<Node id="4" type="section">
            <Name>Guide-Migration</Name>
            <Path>docs/docs/Guide-Migration.html</Path>
            
        </Node>
		<Node id="5" type="section">
            <Name>HowTo-Add-Application-Log</Name>
            <Path>docs/docs/HowTo-Add-Application-Log.html</Path>
            
        </Node>
		<Node id="6" type="section">
            <Name>HowTo-App-Versioning</Name>
            <Path>docs/docs/HowTo-App-Versioning.html</Path>
            
        </Node>
		<Node id="7" type="section">
            <Name>HowTo-Upload-Symbols</Name>
            <Path>docs/docs/HowTo-Upload-Symbols.html</Path>
            
        </Node>
		<Node id="8" type="section">
            <Name>Troubleshooting-Crash-Reporting-Not-Working</Name>
            <Path>docs/docs/Troubleshooting-Crash-Reporting-Not-Working.html</Path>
            
        </Node>
		<Node id="9" type="section">
            <Name>Troubleshooting-Symbolication-Doesnt-Work</Name>
            <Path>docs/docs/Troubleshooting-Symbolication-Doesnt-Work.html</Path>
            
        </Node>
		
		<Node id="10" type="file" documentType="reference">
            <Name>BITCrashExceptionApplication</Name>
            <Path>Classes/BITCrashExceptionApplication.html</Path>
            
        </Node>
		<Node id="11" type="file" documentType="reference">
            <Name>BITCrashManager</Name>
            <Path>Classes/BITCrashManager.html</Path>
            
                <Subnodes>
                <Node type="section">
                    <Path>Classes/BITCrashManager.html</Path>
                    <Name>Overview</Name>
                    <Anchor>overview</Anchor>
                </Node>
                <Node type="section">
                    <Path>Classes/BITCrashManager.html</Path>
                    <Name>Tasks</Name>
                    <Anchor>tasks</Anchor>
                </Node>
                
                <Node type="section">
                    <Path>Classes/BITCrashManager.html</Path>
                    <Name>Properties</Name>
                    <Anchor>properties</Anchor>
                </Node>
                
                
                
                <Node type="section">
                    <Path>Classes/BITCrashManager.html</Path>
                    <Name>Instance Methods</Name>
                    <Anchor>instance_methods</Anchor>
                </Node>
                
            </Subnodes>
            
        </Node>
		<Node id="12" type="file" documentType="reference">
            <Name>BITHockeyManager</Name>
            <Path>Classes/BITHockeyManager.html</Path>
            
                <Subnodes>
                <Node type="section">
                    <Path>Classes/BITHockeyManager.html</Path>
                    <Name>Overview</Name>
                    <Anchor>overview</Anchor>
                </Node>
                <Node type="section">
                    <Path>Classes/BITHockeyManager.html</Path>
                    <Name>Tasks</Name>
                    <Anchor>tasks</Anchor>
                </Node>
                
                <Node type="section">
                    <Path>Classes/BITHockeyManager.html</Path>
                    <Name>Properties</Name>
                    <Anchor>properties</Anchor>
                </Node>
                
                
                <Node type="section">
                    <Path>Classes/BITHockeyManager.html</Path>
                    <Name>Class Methods</Name>
                    <Anchor>class_methods</Anchor>
                </Node>
                
                
                <Node type="section">
                    <Path>Classes/BITHockeyManager.html</Path>
                    <Name>Instance Methods</Name>
                    <Anchor>instance_methods</Anchor>
                </Node>
                
            </Subnodes>
            
        </Node>
		<Node id="13" type="file" documentType="reference">
            <Name>BITSystemProfile</Name>
            <Path>Classes/BITSystemProfile.html</Path>
            
                <Subnodes>
                <Node type="section">
                    <Path>Classes/BITSystemProfile.html</Path>
                    <Name>Overview</Name>
                    <Anchor>overview</Anchor>
                </Node>
                <Node type="section">
                    <Path>Classes/BITSystemProfile.html</Path>
                    <Name>Tasks</Name>
                    <Anchor>tasks</Anchor>
                </Node>
                
                
                <Node type="section">
                    <Path>Classes/BITSystemProfile.html</Path>
                    <Name>Class Methods</Name>
                    <Anchor>class_methods</Anchor>
                </Node>
                
                
                <Node type="section">
                    <Path>Classes/BITSystemProfile.html</Path>
                    <Name>Instance Methods</Name>
                    <Anchor>instance_methods</Anchor>
                </Node>
                
            </Subnodes>
            
        </Node>
		
		
        <Node id="14" type="file" documentType="reference">
            <Name>BITCrashManagerDelegate</Name>
            <Path>Protocols/BITCrashManagerDelegate.html</Path>
            
                <Subnodes>
                <Node type="section">
                    <Path>Protocols/BITCrashManagerDelegate.html</Path>
                    <Name>Overview</Name>
                    <Anchor>overview</Anchor>
                </Node>
                <Node type="section">
                    <Path>Protocols/BITCrashManagerDelegate.html</Path>
                    <Name>Tasks</Name>
                    <Anchor>tasks</Anchor>
                </Node>
                
                
                
                <Node type="section">
                    <Path>Protocols/BITCrashManagerDelegate.html</Path>
                    <Name>Instance Methods</Name>
                    <Anchor>instance_methods</Anchor>
                </Node>
                
            </Subnodes>
            
        </Node>
		<Node id="15" type="file" documentType="reference">
            <Name>BITHockeyManagerDelegate</Name>
            <Path>Protocols/BITHockeyManagerDelegate.html</Path>
            
                <Subnodes>
                <Node type="section">
                    <Path>Protocols/BITHockeyManagerDelegate.html</Path>
                    <Name>Overview</Name>
                    <Anchor>overview</Anchor>
                </Node>
                <Node type="section">
                    <Path>Protocols/BITHockeyManagerDelegate.html</Path>
                    <Name>Tasks</Name>
                    <Anchor>tasks</Anchor>
                </Node>
                
                
                
                <Node type="section">
                    <Path>Protocols/BITHockeyManagerDelegate.html</Path>
                    <Name>Instance Methods</Name>
                    <Anchor>instance_methods</Anchor>
                </Node>
                
            </Subnodes>
            
        </Node>
		
        
	</Library>
</DocSetNodes>