<?xml version="1.0" encoding="UTF-8"?>
<Tokens version="1.0">
	<File path="Classes/BITHockeyManager.html">
		
		<Token>
			<TokenIdentifier>//apple_ref/occ/cl/BITHockeyManager</TokenIdentifier>
			<Abstract type="html">The HockeySDK manager. Responsible for setup and management of all components</Abstract>
			<DeclaredIn>BITHockeyManager.h</DeclaredIn>
            
			
			<NodeRef refid="12"/>
		</Token>
		
		
		<Token>
			<TokenIdentifier>//apple_ref/occ/clm/BITHockeyManager/sharedHockeyManager</TokenIdentifier>
			<Abstract type="html">Returns the shared manager object</Abstract>
			<DeclaredIn>BITHockeyManager.h</DeclaredIn>
			
			<Declaration>+ (BITHockeyManager *)sharedHockeyManager</Declaration>
			
			<ReturnValue><Abstract type="html">A singleton BITHockeyManager instance ready use</Abstract></ReturnValue>
			<Anchor>//api/name/sharedHockeyManager</Anchor>
            <NodeRef refid="12"/>
		</Token>
		
		<Token>
			<TokenIdentifier>//apple_ref/occ/instm/BITHockeyManager/configureWithIdentifier:companyName:delegate:</TokenIdentifier>
			<Abstract type="html">Initializes the manager with a particular app identifier, company name and delegate</Abstract>
			<DeclaredIn>BITHockeyManager.h</DeclaredIn>
			
	<RelatedTokens>
		<TokenIdentifier>//apple_ref/occ/intf/BITCrashManagerDelegate</TokenIdentifier>
		<TokenIdentifier>//apple_ref/occ/instm/BITHockeyManager/startManager</TokenIdentifier>
		
	</RelatedTokens>
	
			<Declaration>- (void)configureWithIdentifier:(NSString *)appIdentifier companyName:(NSString *)companyName delegate:(id&lt;BITHockeyManagerDelegate&gt;)delegate</Declaration>
			<Parameters>
				<Parameter>
					<Name>appIdentifier</Name>
					<Abstract type="html">The app identifier that should be used.</Abstract>
				</Parameter><Parameter>
					<Name>companyName</Name>
					<Abstract type="html">the company that should be shown in the UI</Abstract>
				</Parameter><Parameter>
					<Name>delegate</Name>
					<Abstract type="html">nil or the class implementing the required protocols</Abstract>
				</Parameter>
			</Parameters>
			
			<Anchor>//api/name/configureWithIdentifier:companyName:delegate:</Anchor>
            <NodeRef refid="12"/>
		</Token>
		
		<Token>
			<TokenIdentifier>//apple_ref/occ/instm/BITHockeyManager/startManager</TokenIdentifier>
			<Abstract type="html">Starts the manager and runs all modules</Abstract>
			<DeclaredIn>BITHockeyManager.h</DeclaredIn>
			
	<RelatedTokens>
		<TokenIdentifier>//apple_ref/occ/instm/BITHockeyManager/configureWithIdentifier:companyName:delegate:</TokenIdentifier>
		
	</RelatedTokens>
	
			<Declaration>- (void)startManager</Declaration>
			
			
			<Anchor>//api/name/startManager</Anchor>
            <NodeRef refid="12"/>
		</Token>
		
		<Token>
			<TokenIdentifier>//apple_ref/occ/instm/BITHockeyManager/setServerURL:</TokenIdentifier>
			<Abstract type="html">Defines the server URL to send data to or request data from</Abstract>
			<DeclaredIn>BITHockeyManager.h</DeclaredIn>
			
			<Declaration>@property (nonatomic, strong) NSString *serverURL</Declaration>
			
			
			<Anchor>//api/name/serverURL</Anchor>
            <NodeRef refid="12"/>
		</Token>
		
		<Token>
			<TokenIdentifier>//apple_ref/occ/instm/BITHockeyManager/serverURL</TokenIdentifier>
			<Abstract type="html">Defines the server URL to send data to or request data from</Abstract>
			<DeclaredIn>BITHockeyManager.h</DeclaredIn>
			
			<Declaration>@property (nonatomic, strong) NSString *serverURL</Declaration>
			
			
			<Anchor>//api/name/serverURL</Anchor>
            <NodeRef refid="12"/>
		</Token>
		
		<Token>
			<TokenIdentifier>//apple_ref/occ/instp/BITHockeyManager/serverURL</TokenIdentifier>
			<Abstract type="html">Defines the server URL to send data to or request data from</Abstract>
			<DeclaredIn>BITHockeyManager.h</DeclaredIn>
			
			<Declaration>@property (nonatomic, strong) NSString *serverURL</Declaration>
			
			
			<Anchor>//api/name/serverURL</Anchor>
            <NodeRef refid="12"/>
		</Token>
		
		<Token>
			<TokenIdentifier>//apple_ref/occ/instm/BITHockeyManager/setCrashManager:</TokenIdentifier>
			<Abstract type="html">Reference to the initialized BITCrashManager module</Abstract>
			<DeclaredIn>BITHockeyManager.h</DeclaredIn>
			
	<RelatedTokens>
		<TokenIdentifier>//apple_ref/occ/instm/BITHockeyManager/configureWithIdentifier:companyName:delegate:</TokenIdentifier>
		<TokenIdentifier>//apple_ref/occ/instm/BITHockeyManager/startManager</TokenIdentifier>
		<TokenIdentifier>//apple_ref/occ/instp/BITHockeyManager/disableCrashManager</TokenIdentifier>
		
	</RelatedTokens>
	
			<Declaration>@property (nonatomic, strong, readonly) BITCrashManager *crashManager</Declaration>
			
			
			<Anchor>//api/name/crashManager</Anchor>
            <NodeRef refid="12"/>
		</Token>
		
		<Token>
			<TokenIdentifier>//apple_ref/occ/instm/BITHockeyManager/crashManager</TokenIdentifier>
			<Abstract type="html">Reference to the initialized BITCrashManager module</Abstract>
			<DeclaredIn>BITHockeyManager.h</DeclaredIn>
			
	<RelatedTokens>
		<TokenIdentifier>//apple_ref/occ/instm/BITHockeyManager/configureWithIdentifier:companyName:delegate:</TokenIdentifier>
		<TokenIdentifier>//apple_ref/occ/instm/BITHockeyManager/startManager</TokenIdentifier>
		<TokenIdentifier>//apple_ref/occ/instp/BITHockeyManager/disableCrashManager</TokenIdentifier>
		
	</RelatedTokens>
	
			<Declaration>@property (nonatomic, strong, readonly) BITCrashManager *crashManager</Declaration>
			
			
			<Anchor>//api/name/crashManager</Anchor>
            <NodeRef refid="12"/>
		</Token>
		
		<Token>
			<TokenIdentifier>//apple_ref/occ/instp/BITHockeyManager/crashManager</TokenIdentifier>
			<Abstract type="html">Reference to the initialized BITCrashManager module</Abstract>
			<DeclaredIn>BITHockeyManager.h</DeclaredIn>
			
	<RelatedTokens>
		<TokenIdentifier>//apple_ref/occ/instm/BITHockeyManager/configureWithIdentifier:companyName:delegate:</TokenIdentifier>
		<TokenIdentifier>//apple_ref/occ/instm/BITHockeyManager/startManager</TokenIdentifier>
		<TokenIdentifier>//apple_ref/occ/instp/BITHockeyManager/disableCrashManager</TokenIdentifier>
		
	</RelatedTokens>
	
			<Declaration>@property (nonatomic, strong, readonly) BITCrashManager *crashManager</Declaration>
			
			
			<Anchor>//api/name/crashManager</Anchor>
            <NodeRef refid="12"/>
		</Token>
		
		<Token>
			<TokenIdentifier>//apple_ref/occ/instm/BITHockeyManager/setDisableCrashManager:</TokenIdentifier>
			<Abstract type="html">Flag the determines whether the Crash Manager should be disabled</Abstract>
			<DeclaredIn>BITHockeyManager.h</DeclaredIn>
			
	<RelatedTokens>
		<TokenIdentifier>//apple_ref/occ/instp/BITHockeyManager/crashManager</TokenIdentifier>
		
	</RelatedTokens>
	
			<Declaration>@property (nonatomic, getter=isCrashManagerDisabled) BOOL disableCrashManager</Declaration>
			
			
			<Anchor>//api/name/disableCrashManager</Anchor>
            <NodeRef refid="12"/>
		</Token>
		
		<Token>
			<TokenIdentifier>//apple_ref/occ/instm/BITHockeyManager/isCrashManagerDisabled</TokenIdentifier>
			<Abstract type="html">Flag the determines whether the Crash Manager should be disabled</Abstract>
			<DeclaredIn>BITHockeyManager.h</DeclaredIn>
			
	<RelatedTokens>
		<TokenIdentifier>//apple_ref/occ/instp/BITHockeyManager/crashManager</TokenIdentifier>
		
	</RelatedTokens>
	
			<Declaration>@property (nonatomic, getter=isCrashManagerDisabled) BOOL disableCrashManager</Declaration>
			
			
			<Anchor>//api/name/disableCrashManager</Anchor>
            <NodeRef refid="12"/>
		</Token>
		
		<Token>
			<TokenIdentifier>//apple_ref/occ/instp/BITHockeyManager/disableCrashManager</TokenIdentifier>
			<Abstract type="html">Flag the determines whether the Crash Manager should be disabled</Abstract>
			<DeclaredIn>BITHockeyManager.h</DeclaredIn>
			
	<RelatedTokens>
		<TokenIdentifier>//apple_ref/occ/instp/BITHockeyManager/crashManager</TokenIdentifier>
		
	</RelatedTokens>
	
			<Declaration>@property (nonatomic, getter=isCrashManagerDisabled) BOOL disableCrashManager</Declaration>
			
			
			<Anchor>//api/name/disableCrashManager</Anchor>
            <NodeRef refid="12"/>
		</Token>
		
		<Token>
			<TokenIdentifier>//apple_ref/occ/instm/BITHockeyManager/setDebugLogEnabled:</TokenIdentifier>
			<Abstract type="html">Flag that determines whether additional logging output should be generated
by the manager and all modules.</Abstract>
			<DeclaredIn>BITHockeyManager.h</DeclaredIn>
			
			<Declaration>@property (nonatomic, assign, getter=isDebugLogEnabled) BOOL debugLogEnabled</Declaration>
			
			
			<Anchor>//api/name/debugLogEnabled</Anchor>
            <NodeRef refid="12"/>
		</Token>
		
		<Token>
			<TokenIdentifier>//apple_ref/occ/instm/BITHockeyManager/isDebugLogEnabled</TokenIdentifier>
			<Abstract type="html">Flag that determines whether additional logging output should be generated
by the manager and all modules.</Abstract>
			<DeclaredIn>BITHockeyManager.h</DeclaredIn>
			
			<Declaration>@property (nonatomic, assign, getter=isDebugLogEnabled) BOOL debugLogEnabled</Declaration>
			
			
			<Anchor>//api/name/debugLogEnabled</Anchor>
            <NodeRef refid="12"/>
		</Token>
		
		<Token>
			<TokenIdentifier>//apple_ref/occ/instp/BITHockeyManager/debugLogEnabled</TokenIdentifier>
			<Abstract type="html">Flag that determines whether additional logging output should be generated
by the manager and all modules.</Abstract>
			<DeclaredIn>BITHockeyManager.h</DeclaredIn>
			
			<Declaration>@property (nonatomic, assign, getter=isDebugLogEnabled) BOOL debugLogEnabled</Declaration>
			
			
			<Anchor>//api/name/debugLogEnabled</Anchor>
            <NodeRef refid="12"/>
		</Token>
		
        
	</File>
</Tokens>