<?xml version="1.0" encoding="UTF-8"?>
<Tokens version="1.0">
	<File path="Protocols/BITCrashManagerDelegate.html">
		
		<Token>
			<TokenIdentifier>//apple_ref/occ/intf/BITCrashManagerDelegate</TokenIdentifier>
			<Abstract type="html">The BITCrashManagerDelegate formal protocol defines methods further configuring
the behaviour of BITCrashManager.</Abstract>
			<DeclaredIn>BITCrashManagerDelegate.h</DeclaredIn>
            
			
			<NodeRef refid="14"/>
		</Token>
		
		
		<Token>
			<TokenIdentifier>//apple_ref/occ/intfm/BITCrashManagerDelegate/showMainApplicationWindowForCrashManager:</TokenIdentifier>
			<Abstract type="html">Invoked once the user interface asking for crash details and if the data should be send is dismissed</Abstract>
			<DeclaredIn>BITCrashManagerDelegate.h</DeclaredIn>
			
			<Declaration>- (void)showMainApplicationWindowForCrashManager:(BITCrashManager *)crashManager</Declaration>
			<Parameters>
				<Parameter>
					<Name>crashManager</Name>
					<Abstract type="html">The BITCrashManager instance invoking the method</Abstract>
				</Parameter>
			</Parameters>
			
			<Anchor>//api/name/showMainApplicationWindowForCrashManager:</Anchor>
            <NodeRef refid="14"/>
		</Token>
		
		<Token>
			<TokenIdentifier>//apple_ref/occ/intfm/BITCrashManagerDelegate/applicationLogForCrashManager:</TokenIdentifier>
			<Abstract type="html">Return any log string based data the crash report being processed should contain</Abstract>
			<DeclaredIn>BITCrashManagerDelegate.h</DeclaredIn>
			
			<Declaration>- (NSString *)applicationLogForCrashManager:(BITCrashManager *)crashManager</Declaration>
			<Parameters>
				<Parameter>
					<Name>crashManager</Name>
					<Abstract type="html">The BITCrashManager instance invoking this delegate</Abstract>
				</Parameter>
			</Parameters>
			
			<Anchor>//api/name/applicationLogForCrashManager:</Anchor>
            <NodeRef refid="14"/>
		</Token>
		
		<Token>
			<TokenIdentifier>//apple_ref/occ/intfm/BITCrashManagerDelegate/crashManagerWillShowSubmitCrashReportAlert:</TokenIdentifier>
			<Abstract type="html">Invoked before the user is asked to send a crash report, so you can do additional actions.</Abstract>
			<DeclaredIn>BITCrashManagerDelegate.h</DeclaredIn>
			
			<Declaration>- (void)crashManagerWillShowSubmitCrashReportAlert:(BITCrashManager *)crashManager</Declaration>
			<Parameters>
				<Parameter>
					<Name>crashManager</Name>
					<Abstract type="html">The BITCrashManager instance invoking this delegate</Abstract>
				</Parameter>
			</Parameters>
			
			<Anchor>//api/name/crashManagerWillShowSubmitCrashReportAlert:</Anchor>
            <NodeRef refid="14"/>
		</Token>
		
		<Token>
			<TokenIdentifier>//apple_ref/occ/intfm/BITCrashManagerDelegate/crashManagerWillCancelSendingCrashReport:</TokenIdentifier>
			<Abstract type="html">Invoked after the user did choose NOT to send a crash in the alert</Abstract>
			<DeclaredIn>BITCrashManagerDelegate.h</DeclaredIn>
			
			<Declaration>- (void)crashManagerWillCancelSendingCrashReport:(BITCrashManager *)crashManager</Declaration>
			<Parameters>
				<Parameter>
					<Name>crashManager</Name>
					<Abstract type="html">The BITCrashManager instance invoking this delegate</Abstract>
				</Parameter>
			</Parameters>
			
			<Anchor>//api/name/crashManagerWillCancelSendingCrashReport:</Anchor>
            <NodeRef refid="14"/>
		</Token>
		
		<Token>
			<TokenIdentifier>//apple_ref/occ/intfm/BITCrashManagerDelegate/crashManagerWillSendCrashReport:</TokenIdentifier>
			<Abstract type="html">Invoked right before sending crash reports will start</Abstract>
			<DeclaredIn>BITCrashManagerDelegate.h</DeclaredIn>
			
			<Declaration>- (void)crashManagerWillSendCrashReport:(BITCrashManager *)crashManager</Declaration>
			<Parameters>
				<Parameter>
					<Name>crashManager</Name>
					<Abstract type="html">The BITCrashManager instance invoking this delegate</Abstract>
				</Parameter>
			</Parameters>
			
			<Anchor>//api/name/crashManagerWillSendCrashReport:</Anchor>
            <NodeRef refid="14"/>
		</Token>
		
		<Token>
			<TokenIdentifier>//apple_ref/occ/intfm/BITCrashManagerDelegate/crashManager:didFailWithError:</TokenIdentifier>
			<Abstract type="html">Invoked after sending crash reports failed</Abstract>
			<DeclaredIn>BITCrashManagerDelegate.h</DeclaredIn>
			
			<Declaration>- (void)crashManager:(BITCrashManager *)crashManager didFailWithError:(NSError *)error</Declaration>
			<Parameters>
				<Parameter>
					<Name>crashManager</Name>
					<Abstract type="html">The BITCrashManager instance invoking this delegate</Abstract>
				</Parameter><Parameter>
					<Name>error</Name>
					<Abstract type="html">The error returned from the NSURLConnection call or kBITCrashErrorDomain
with reason of type BITCrashErrorReason.</Abstract>
				</Parameter>
			</Parameters>
			
			<Anchor>//api/name/crashManager:didFailWithError:</Anchor>
            <NodeRef refid="14"/>
		</Token>
		
		<Token>
			<TokenIdentifier>//apple_ref/occ/intfm/BITCrashManagerDelegate/crashManagerDidFinishSendingCrashReport:</TokenIdentifier>
			<Abstract type="html">Invoked after sending crash reports succeeded</Abstract>
			<DeclaredIn>BITCrashManagerDelegate.h</DeclaredIn>
			
			<Declaration>- (void)crashManagerDidFinishSendingCrashReport:(BITCrashManager *)crashManager</Declaration>
			<Parameters>
				<Parameter>
					<Name>crashManager</Name>
					<Abstract type="html">The BITCrashManager instance invoking this delegate</Abstract>
				</Parameter>
			</Parameters>
			
			<Anchor>//api/name/crashManagerDidFinishSendingCrashReport:</Anchor>
            <NodeRef refid="14"/>
		</Token>
		
        
	</File>
</Tokens>